nome_municipio,protocolo_licitacao,situacao_proposta,valor_proposta
Aguiar,Doc. 31657/20,Vencedora,22000.0
Alagoa Grande,Doc. 34890/20,Perdedora,16560.0
Alagoa Grande,Doc. 34890/20,Vencedora,13500.0
Alagoa Grande,Doc. 34920/20,Perdedora,35412.5
Alagoa Grande,Doc. 34920/20,Vencedora,32520.0
Alagoa Grande,Doc. 44374/20,Perdedora,26734.5
Alagoa Grande,Doc. 44374/20,Vencedora,25221.0
Alagoa Grande,Doc. 49720/20,Perdedora,419166.6666666667
Alagoa Grande,Doc. 49720/20,Vencedora,392500.0
Alagoa Grande,Doc. 49748/20,Perdedora,264743.3333333333
Alagoa Grande,Doc. 49748/20,Vencedora,246500.0
Alagoa Nova,Doc. 47607/20,Vencedora,176000.0
Algodão de Jandaíra,Doc. 36567/20,Vencedora,40000.0
Algodão de Jandaíra,Doc. 36575/20,Vencedora,40000.0
Algodão de Jandaíra,Doc. 36583/20,Vencedora,58015.1
Algodão de Jandaíra,Doc. 50059/20,Vencedora,16954.0
Algodão de Jandaíra,Doc. 50061/20,Vencedora,8295.0
Alhandra,Doc. 42306/20,Vencedora,76000.0
Amparo,Doc. 38637/20,Vencedora,17500.0
Amparo,Doc. 43764/20,Vencedora,40640.0
Amparo,Doc. 48389/20,Vencedora,2450.0
Aparecida,Doc. 46318/20,Vencedora,96657.7
Araruna,Doc. 23463/20,Vencedora,120000.0
Araruna,Doc. 27309/20,Vencedora,17124.1
Araruna,Doc. 29664/20,Perdedora,569220.0
Araruna,Doc. 29664/20,Vencedora,556140.0
Araruna,Doc. 34604/20,Vencedora,50000.0
Araruna,Doc. 35672/20,Vencedora,24500.0
Araçagi,Doc. 33648/20,Perdedora,64940.0
Araçagi,Doc. 33648/20,Vencedora,61410.0
Areia,Doc. 23819/20,Perdedora,33883.2525
Areia,Doc. 23819/20,Vencedora,63537.8
Areia,Doc. 25939/20,Perdedora,40500.0
Areia,Doc. 25939/20,Vencedora,33000.0
Areia,Doc. 26467/20,Perdedora,1888.405
Areia,Doc. 26467/20,Vencedora,1140.0
Areia,Doc. 26986/20,Perdedora,2553.2
Areia,Doc. 26986/20,Vencedora,2120.0
Areia,Doc. 27475/20,Perdedora,7800.0
Areia,Doc. 27475/20,Vencedora,5160.0
Areia,Doc. 29434/20,Perdedora,5025.0
Areia,Doc. 29434/20,Vencedora,4335.0
Areia,Doc. 29449/20,Perdedora,172575.0
Areia,Doc. 29449/20,Vencedora,151900.0
Areia,Doc. 32490/20,Perdedora,2240.0
Areia,Doc. 32490/20,Vencedora,1140.0
Areia,Doc. 32723/20,Perdedora,1560.0
Areia,Doc. 32723/20,Vencedora,1087.5
Areia,Doc. 32977/20,Perdedora,28050.0
Areia,Doc. 32977/20,Vencedora,18300.0
Areia,Doc. 33637/20,Perdedora,1232.5
Areia,Doc. 33637/20,Vencedora,1100.0
Areia,Doc. 34179/20,Perdedora,2222.5
Areia,Doc. 34179/20,Vencedora,2075.0
Areia,Doc. 38791/20,Perdedora,11600.0
Areia,Doc. 38791/20,Vencedora,10000.0
Areia,Doc. 39708/20,Perdedora,3780.0
Areia,Doc. 39708/20,Vencedora,3592.0
Areia,Doc. 40029/20,Vencedora,58313.125
Areia,Doc. 40295/20,Perdedora,100500.0
Areia,Doc. 40295/20,Vencedora,100500.0
Areia,Doc. 40626/20,Perdedora,4480.0
Areia,Doc. 40626/20,Vencedora,4560.0
Areia,Doc. 40950/20,Perdedora,70997.5
Areia,Doc. 40950/20,Vencedora,68270.0
Areia,Doc. 43522/20,Perdedora,23200.0
Areia,Doc. 43522/20,Vencedora,12516.333333333334
Areia,Doc. 44377/20,Perdedora,59208.5
Areia,Doc. 44377/20,Vencedora,59208.5
Areia,Doc. 45922/20,Perdedora,59815.0
Areia,Doc. 45922/20,Vencedora,48993.0
Areia,Doc. 51628/20,Perdedora,3426.545
Areia,Doc. 51628/20,Vencedora,3202.5
Areial,Doc. 37152/20,Vencedora,22794.0
Areial,Doc. 42360/20,Vencedora,99000.38
Aroeiras,Doc. 21350/20,Vencedora,55400.0
Aroeiras,Doc. 40647/20,Perdedora,104571.95999999999
Aroeiras,Doc. 40647/20,Vencedora,93453.79
Aroeiras,Doc. 47379/20,Perdedora,128628.01666666666
Aroeiras,Doc. 47379/20,Vencedora,117877.04
Aroeiras,Doc. 47383/20,Vencedora,260000.0
Assunção,Doc. 36317/20,Vencedora,4800.0
Assunção,Doc. 38174/20,Vencedora,2490.0
Assunção,Doc. 42552/20,Vencedora,3350.0
Assunção,Doc. 42555/20,Vencedora,2500.0
Assunção,Doc. 46270/20,Vencedora,3000.0
Assunção,Doc. 46274/20,Vencedora,6000.0
Assunção,Doc. 51181/20,Vencedora,3150.0
Bananeiras,Doc. 30428/20,Vencedora,56162.96
Bananeiras,Doc. 36608/20,Vencedora,45000.0
Bananeiras,Doc. 40895/20,Vencedora,1791.02
Bananeiras,Doc. 40903/20,Vencedora,11800.0
Bananeiras,Doc. 40912/20,Vencedora,13200.0
Bananeiras,Doc. 41082/20,Vencedora,18222.2
Bananeiras,Doc. 41088/20,Vencedora,13450.0
Bananeiras,Doc. 41096/20,Vencedora,3620.0
Bananeiras,Doc. 48503/20,Vencedora,7218.0
Bananeiras,Doc. 49001/20,Vencedora,11500.0
Bananeiras,Doc. 49006/20,Vencedora,7992.0
Barra de Santa Rosa,Doc. 48056/20,Vencedora,32347.4
Barra de Santa Rosa,Doc. 48058/20,Vencedora,4100.0
Barra de Santa Rosa,Doc. 48059/20,Vencedora,7500.0
Barra de Santa Rosa,Doc. 48061/20,Vencedora,25400.0
Barra de Santa Rosa,Doc. 48062/20,Vencedora,1140.0
Barra de Santa Rosa,Doc. 48063/20,Vencedora,28200.0
Barra de Santana,Doc. 38043/20,Perdedora,49836.0
Barra de Santana,Doc. 38043/20,Vencedora,48000.0
Bayeux,Doc. 26272/20,Vencedora,33405.520000000004
Bayeux,Doc. 28703/20,Vencedora,89155.25
Bayeux,Doc. 28757/20,Vencedora,21000.0
Bayeux,Doc. 29076/20,Vencedora,8500.0
Bayeux,Doc. 29086/20,Vencedora,54214.825
Bayeux,Doc. 30005/20,Vencedora,35000.0
Bayeux,Doc. 30021/20,Vencedora,270000.0
Bayeux,Doc. 31763/20,Vencedora,174500.0
Bayeux,Doc. 31777/20,Vencedora,11780.0
Bayeux,Doc. 32577/20,Vencedora,10264.7
Bayeux,Doc. 32582/20,Vencedora,16460.0
Bayeux,Doc. 32590/20,Vencedora,23050.0
Bayeux,Doc. 32597/20,Vencedora,33000.0
Bayeux,Doc. 32770/20,Vencedora,689.5
Bayeux,Doc. 32783/20,Vencedora,17580.0
Bayeux,Doc. 32942/20,Vencedora,25632.0
Bayeux,Doc. 51542/20,Vencedora,43200.0
Belém,Doc. 36616/20,Vencedora,49920.0
Belém,Doc. 36623/20,Vencedora,49920.0
Belém,Doc. 38132/20,Vencedora,8820.0
Belém,Doc. 38628/20,Vencedora,25000.0
Belém,Doc. 38652/20,Vencedora,20015.0
Belém,Doc. 38892/20,Vencedora,4237.5
Belém,Doc. 44182/20,Perdedora,159566.66666666666
Belém,Doc. 44182/20,Vencedora,99000.0
Belém,Doc. 44185/20,Perdedora,159566.66666666666
Belém,Doc. 44185/20,Vencedora,99000.0
Belém,Doc. 44187/20,Perdedora,159566.66666666666
Belém,Doc. 44187/20,Vencedora,99000.0
Belém,Doc. 46344/20,Vencedora,22220.0
Belém do Brejo do Cruz,Doc. 43152/20,Vencedora,159996.3
Bernardino Batista,Doc. 39715/20,Vencedora,10464.114285714286
Bernardino Batista,Doc. 50242/20,Vencedora,10464.114285714286
Boa Ventura,Doc. 33036/20,Vencedora,171882.0
Boa Ventura,Doc. 42758/20,Vencedora,63567.5
Boa Vista,Doc. 29732/20,Vencedora,16800.0
Boa Vista,Doc. 29757/20,Vencedora,3176.0
Boa Vista,Doc. 29773/20,Vencedora,10000.0
Boa Vista,Doc. 29788/20,Vencedora,18600.0
Boa Vista,Doc. 29813/20,Vencedora,24000.0
Boa Vista,Doc. 29832/20,Vencedora,4499.5
Boa Vista,Doc. 29845/20,Vencedora,5000.0
Boa Vista,Doc. 34913/20,Vencedora,18290.0
Boa Vista,Doc. 34928/20,Vencedora,6300.0
Boa Vista,Doc. 34937/20,Vencedora,9000.0
Boa Vista,Doc. 34945/20,Vencedora,4527.36
Boa Vista,Doc. 34966/20,Vencedora,4400.0
Boa Vista,Doc. 34974/20,Vencedora,75000.0
Boa Vista,Doc. 34981/20,Vencedora,14000.0
Boa Vista,Doc. 35641/20,Vencedora,28890.0
Boa Vista,Doc. 35647/20,Vencedora,27300.0
Boa Vista,Doc. 35654/20,Vencedora,70000.0
Boa Vista,Doc. 35666/20,Vencedora,2490.0
Boa Vista,Doc. 37647/20,Perdedora,197966.31578947368
Boa Vista,Doc. 37647/20,Vencedora,135000.0
Boa Vista,Doc. 41654/20,Vencedora,28000.0
Boa Vista,Proc. 14039/20,Perdedora,1034643.9838709678
Boa Vista,Proc. 14039/20,Vencedora,1965659.111111111
Bom Sucesso,Doc. 31403/20,Vencedora,20656.0
Bom Sucesso,Doc. 32294/20,Vencedora,17200.0
Bom Sucesso,Doc. 32322/20,Perdedora,75497.25
Bom Sucesso,Doc. 32322/20,Vencedora,66528.5
Bom Sucesso,Doc. 32327/20,Perdedora,172062.47999999998
Bom Sucesso,Doc. 32327/20,Vencedora,168573.23
Bom Sucesso,Doc. 36786/20,Vencedora,20000.0
Bom Sucesso,Doc. 47683/20,Vencedora,23361.5
Bom Sucesso,Doc. 50427/20,Vencedora,3520.0
Bonito de Santa Fé,Doc. 31955/20,Vencedora,15750.0
Bonito de Santa Fé,Doc. 44001/20,Vencedora,5980.0
Bonito de Santa Fé,Doc. 44133/20,Vencedora,5220.0
Bonito de Santa Fé,Doc. 44175/20,Vencedora,1608.0
Bonito de Santa Fé,Doc. 45751/20,Vencedora,12000.0
Bonito de Santa Fé,Doc. 48224/20,Vencedora,47919.0
Boqueirão,Doc. 24294/20,Vencedora,61678.7
Boqueirão,Doc. 27445/20,Vencedora,32000.0
Boqueirão,Doc. 34447/20,Vencedora,10200.0
Boqueirão,Doc. 34463/20,Vencedora,5909.04
Boqueirão,Doc. 37585/20,Perdedora,1349775.97
Boqueirão,Doc. 37585/20,Vencedora,34104.142857142855
Boqueirão,Doc. 37743/20,Vencedora,18700.0
Boqueirão,Doc. 37748/20,Vencedora,10125.0
Boqueirão,Doc. 46592/20,Vencedora,4980.0
Borborema,Doc. 43685/20,Vencedora,13314.22
Borborema,Doc. 47906/20,Perdedora,2940.5
Borborema,Doc. 47906/20,Vencedora,2788.0
Borborema,Doc. 47911/20,Perdedora,7847.5
Borborema,Doc. 47911/20,Vencedora,7300.0
Borborema,Doc. 48155/20,Perdedora,13149.425
Borborema,Doc. 48155/20,Vencedora,9487.95
Brejo do Cruz,Doc. 26734/20,Vencedora,36606.0
Brejo do Cruz,Doc. 44199/20,Vencedora,207490.0
Brejo do Cruz,Doc. 51621/20,Vencedora,49900.0
Caaporã,Doc. 31136/20,Perdedora,25125.0
Caaporã,Doc. 31136/20,Vencedora,20650.0
Caaporã,Doc. 31293/20,Perdedora,183930.0
Caaporã,Doc. 31293/20,Vencedora,163500.0
Caaporã,Doc. 42759/20,Perdedora,100000.0
Caaporã,Doc. 42759/20,Vencedora,70000.0
Caaporã,Doc. 44166/20,Perdedora,57307.5
Caaporã,Doc. 44166/20,Vencedora,35000.0
Caaporã,Doc. 46377/20,Perdedora,27923.333333333332
Caaporã,Doc. 46377/20,Vencedora,15000.0
Cabaceiras,Doc. 39081/20,Vencedora,75487.5
Cabaceiras,Doc. 45082/20,Perdedora,73627.14285714286
Cabaceiras,Doc. 45082/20,Vencedora,74630.0
Cabedelo,Doc. 28980/20,Vencedora,326902.56
Cabedelo,Doc. 29018/20,Vencedora,71992.2
Cabedelo,Doc. 29363/20,Vencedora,213981.725
Cabedelo,Doc. 31968/20,Vencedora,80000.0
Cabedelo,Doc. 31971/20,Vencedora,60000.0
Cabedelo,Doc. 34739/20,Vencedora,14340.0
Cabedelo,Doc. 34765/20,Vencedora,2832.0
Cabedelo,Doc. 35004/20,Vencedora,21250.0
Cabedelo,Doc. 35708/20,Vencedora,2730.0
Cabedelo,Doc. 35862/20,Vencedora,3975.0
Cabedelo,Doc. 36485/20,Vencedora,222400.0
Cabedelo,Doc. 36543/20,Vencedora,13940.0
Cabedelo,Doc. 36745/20,Vencedora,78400.0
Cabedelo,Doc. 37736/20,Vencedora,100000.0
Cabedelo,Doc. 38098/20,Vencedora,4654.0
Cabedelo,Doc. 40268/20,Vencedora,760.0
Cabedelo,Doc. 40315/20,Vencedora,119100.0
Cabedelo,Doc. 41195/20,Perdedora,18000.0
Cabedelo,Doc. 41195/20,Vencedora,15200.0
Cabedelo,Doc. 41230/20,Perdedora,9262.5
Cabedelo,Doc. 41230/20,Vencedora,8778.0
Cabedelo,Doc. 42355/20,Vencedora,2996.0
Cabedelo,Doc. 42701/20,Vencedora,9100.0
Cabedelo,Doc. 42755/20,Vencedora,624000.0
Cabedelo,Doc. 44764/20,Perdedora,168570.0
Cabedelo,Doc. 44764/20,Vencedora,153648.0
Cabedelo,Doc. 46203/20,Vencedora,15000.0
Cabedelo,Doc. 48160/20,Perdedora,52550.0
Cabedelo,Doc. 48160/20,Vencedora,38000.0
Cabedelo,Doc. 49313/20,Perdedora,8253.5
Cabedelo,Doc. 49313/20,Vencedora,7463.0
Cabedelo,Doc. 49750/20,Vencedora,399500.0
Cabedelo,Doc. 49768/20,Vencedora,3800.0
Cabedelo,Doc. 49826/20,Vencedora,47700.0
Cabedelo,Doc. 49866/20,Perdedora,10375.5
Cabedelo,Doc. 49866/20,Vencedora,7136.35
Cabedelo,Doc. 50997/20,Perdedora,14400.0
Cabedelo,Doc. 50997/20,Vencedora,11988.0
Cabedelo,Proc. 09163/20,Vencedora,408295.22
Cabedelo,Proc. 09729/20,Vencedora,603396.68
Cabedelo,Proc. 11643/20,Vencedora,251076.66666666666
Cachoeira dos Índios,Doc. 43897/20,Vencedora,34923.0
Cacimbas,Doc. 37429/20,Vencedora,88642.49
Cajazeiras,Doc. 47620/20,Vencedora,48000.0
Cajazeirinhas,Doc. 45595/20,Vencedora,65687.73
Cajazeirinhas,Doc. 49098/20,Vencedora,45651.25
Caldas Brandão,Doc. 24610/20,Vencedora,29696.3
Caldas Brandão,Doc. 25267/20,Vencedora,13650.0
Caldas Brandão,Doc. 26034/20,Vencedora,59689.0
Caldas Brandão,Doc. 43045/20,Vencedora,4000.0
Caldas Brandão,Doc. 49440/20,Vencedora,15800.0
Camalaú,Doc. 38847/20,Vencedora,48000.0
Camalaú,Doc. 45363/20,Vencedora,17500.0
Campina Grande,Doc. 22379/20,Vencedora,140000.0
Campina Grande,Doc. 22680/20,Vencedora,129000.0
Campina Grande,Doc. 23362/20,Vencedora,43500.0
Campina Grande,Doc. 24968/20,Vencedora,62920.0
Campina Grande,Doc. 25112/20,Vencedora,79090.0
Campina Grande,Doc. 25123/20,Vencedora,100895.0
Campina Grande,Doc. 25128/20,Vencedora,66040.0
Campina Grande,Doc. 25543/20,Perdedora,18250.0
Campina Grande,Doc. 25543/20,Vencedora,17600.0
Campina Grande,Doc. 25654/20,Vencedora,393000.0
Campina Grande,Doc. 25656/20,Vencedora,25000.0
Campina Grande,Doc. 25659/20,Vencedora,23000.0
Campina Grande,Doc. 26104/20,Vencedora,59700.0
Campina Grande,Doc. 26105/20,Vencedora,195482.0
Campina Grande,Doc. 26106/20,Vencedora,2000.0
Campina Grande,Doc. 26130/20,Vencedora,250000.0
Campina Grande,Doc. 26134/20,Vencedora,3630.0
Campina Grande,Doc. 26148/20,Vencedora,170800.0
Campina Grande,Doc. 26772/20,Vencedora,288169.5
Campina Grande,Doc. 26779/20,Vencedora,249900.0
Campina Grande,Doc. 26880/20,Vencedora,105336.0
Campina Grande,Doc. 26881/20,Vencedora,151291.0
Campina Grande,Doc. 27659/20,Vencedora,64021.5
Campina Grande,Doc. 27666/20,Vencedora,15000.0
Campina Grande,Doc. 28180/20,Vencedora,228000.0
Campina Grande,Doc. 28182/20,Vencedora,238500.0
Campina Grande,Doc. 28193/20,Vencedora,25980.0
Campina Grande,Doc. 28670/20,Perdedora,11993.333333333334
Campina Grande,Doc. 28670/20,Vencedora,6230.0
Campina Grande,Doc. 28689/20,Vencedora,170000.0
Campina Grande,Doc. 28803/20,Perdedora,375000.0
Campina Grande,Doc. 28803/20,Vencedora,170000.0
Campina Grande,Doc. 29124/20,Perdedora,10140.0
Campina Grande,Doc. 29124/20,Vencedora,8550.0
Campina Grande,Doc. 29513/20,Perdedora,77000.0
Campina Grande,Doc. 29513/20,Vencedora,54000.0
Campina Grande,Doc. 29642/20,Perdedora,22500.0
Campina Grande,Doc. 29642/20,Vencedora,17500.0
Campina Grande,Doc. 30035/20,Perdedora,28250.0
Campina Grande,Doc. 30035/20,Vencedora,25000.0
Campina Grande,Doc. 30389/20,Vencedora,74725.0
Campina Grande,Doc. 30402/20,Perdedora,3700.0
Campina Grande,Doc. 30402/20,Vencedora,3000.0
Campina Grande,Doc. 31858/20,Vencedora,170013.08
Campina Grande,Doc. 31992/20,Vencedora,420000.0
Campina Grande,Doc. 31996/20,Vencedora,104000.0
Campina Grande,Doc. 32167/20,Vencedora,73000.0
Campina Grande,Doc. 32820/20,Vencedora,54000.0
Campina Grande,Doc. 33765/20,Perdedora,4090.0
Campina Grande,Doc. 33765/20,Vencedora,3550.0
Campina Grande,Doc. 33818/20,Vencedora,286000.0
Campina Grande,Doc. 33823/20,Vencedora,3330.0
Campina Grande,Doc. 34082/20,Vencedora,64800.0
Campina Grande,Doc. 34097/20,Vencedora,72000.0
Campina Grande,Doc. 34502/20,Perdedora,208900.0
Campina Grande,Doc. 34502/20,Vencedora,131000.0
Campina Grande,Doc. 35738/20,Vencedora,49383.0
Campina Grande,Doc. 35746/20,Vencedora,507020.0
Campina Grande,Doc. 36374/20,Perdedora,4225.0
Campina Grande,Doc. 36374/20,Vencedora,3500.0
Campina Grande,Doc. 36637/20,Vencedora,29750.0
Campina Grande,Doc. 36784/20,Vencedora,49950.0
Campina Grande,Doc. 36792/20,Vencedora,2850.0
Campina Grande,Doc. 36796/20,Vencedora,68200.0
Campina Grande,Doc. 36801/20,Vencedora,28040.0
Campina Grande,Doc. 36828/20,Vencedora,60839.0
Campina Grande,Doc. 36833/20,Vencedora,31261.0
Campina Grande,Doc. 37137/20,Vencedora,150736.5
Campina Grande,Doc. 38127/20,Vencedora,17000.0
Campina Grande,Doc. 38702/20,Perdedora,1422.5
Campina Grande,Doc. 38702/20,Vencedora,1125.0
Campina Grande,Doc. 39370/20,Vencedora,38392.8
Campina Grande,Doc. 39371/20,Vencedora,61950.0
Campina Grande,Doc. 39625/20,Vencedora,21000.0
Campina Grande,Doc. 39968/20,Vencedora,47760.0
Campina Grande,Doc. 40040/20,Perdedora,213736.43484848487
Campina Grande,Doc. 40040/20,Vencedora,286136.6666666667
Campina Grande,Doc. 40379/20,Vencedora,223500.0
Campina Grande,Doc. 40383/20,Vencedora,147840.0
Campina Grande,Doc. 40390/20,Vencedora,104000.0
Campina Grande,Doc. 40391/20,Vencedora,67500.0
Campina Grande,Doc. 40393/20,Vencedora,39800.0
Campina Grande,Doc. 41016/20,Perdedora,19088.28
Campina Grande,Doc. 41016/20,Vencedora,16891.2
Campina Grande,Doc. 41700/20,Vencedora,68800.0
Campina Grande,Doc. 42001/20,Vencedora,519006.0
Campina Grande,Doc. 43270/20,Vencedora,240000.0
Campina Grande,Doc. 43683/20,Vencedora,97900.0
Campina Grande,Doc. 43684/20,Vencedora,588000.0
Campina Grande,Doc. 44045/20,Vencedora,99000.0
Campina Grande,Doc. 45075/20,Vencedora,99760.0
Campina Grande,Doc. 45316/20,Vencedora,108939.8
Campina Grande,Doc. 45665/20,Perdedora,19000.0
Campina Grande,Doc. 45665/20,Vencedora,17000.0
Campina Grande,Doc. 47304/20,Vencedora,30782.55
Campina Grande,Doc. 47313/20,Vencedora,171037.44
Campina Grande,Doc. 47627/20,Vencedora,343092.39
Campina Grande,Doc. 50445/20,Vencedora,145600.0
Campina Grande,Doc. 50452/20,Vencedora,413000.0
Campina Grande,Doc. 50939/20,Perdedora,58520.0
Campina Grande,Doc. 50939/20,Vencedora,49856.0
Campina Grande,Proc. 09568/20,Vencedora,744000.0
Campina Grande,Proc. 10286/20,Vencedora,93000.0
Campina Grande,Proc. 10327/20,Perdedora,187500.0
Campina Grande,Proc. 10327/20,Vencedora,85000.0
Campina Grande,Proc. 11017/20,Vencedora,840000.0
Campina Grande,Proc. 11018/20,Vencedora,1050000.0
Campina Grande,Proc. 11150/20,Vencedora,747000.0
Campina Grande,Proc. 11682/20,Perdedora,732877.5
Campina Grande,Proc. 11682/20,Vencedora,827300.0
Campina Grande,Proc. 13812/20,Vencedora,5782401.88
Campina Grande,Proc. 13977/20,Vencedora,6964152.73
Capim,Doc. 31969/20,Perdedora,97600.65
Capim,Doc. 31969/20,Vencedora,87510.0
Capim,Doc. 31982/20,Perdedora,66282.0
Capim,Doc. 31982/20,Vencedora,53960.0
Capim,Doc. 42456/20,Perdedora,87375.0
Capim,Doc. 42456/20,Vencedora,73155.0
Capim,Doc. 43339/20,Perdedora,29960.0
Capim,Doc. 43339/20,Vencedora,25396.0
Capim,Doc. 50051/20,Perdedora,190280.0
Capim,Doc. 50051/20,Vencedora,179020.0
Caraúbas,Doc. 31692/20,Perdedora,3477.0
Caraúbas,Doc. 31692/20,Vencedora,2850.0
Caraúbas,Doc. 32850/20,Perdedora,79500.0
Caraúbas,Doc. 32850/20,Vencedora,51000.0
Caraúbas,Doc. 33492/20,Perdedora,25620.0
Caraúbas,Doc. 33492/20,Vencedora,21600.0
Caraúbas,Doc. 35554/20,Perdedora,56760.0
Caraúbas,Doc. 35554/20,Vencedora,24720.0
Caraúbas,Doc. 38028/20,Perdedora,15550.0
Caraúbas,Doc. 38028/20,Vencedora,15000.0
Caraúbas,Doc. 47833/20,Perdedora,86100.0
Caraúbas,Doc. 47833/20,Vencedora,48000.0
Caraúbas,Doc. 49962/20,Perdedora,6751.0
Caraúbas,Doc. 49962/20,Vencedora,6530.0
Caraúbas,Doc. 51199/20,Perdedora,50520.0
Caraúbas,Doc. 51199/20,Vencedora,24720.0
Carrapateira,Doc. 26543/20,Vencedora,89500.0
Catingueira,Doc. 43098/20,Vencedora,23236.95
Catingueira,Doc. 44404/20,Vencedora,17500.0
Catolé do Rocha,Doc. 28323/20,Vencedora,9000.0
Catolé do Rocha,Doc. 32275/20,Vencedora,119061.23
Catolé do Rocha,Doc. 32299/20,Vencedora,83900.1
Catolé do Rocha,Doc. 32305/20,Vencedora,44500.0
Catolé do Rocha,Doc. 32312/20,Vencedora,60000.0
Catolé do Rocha,Doc. 36472/20,Vencedora,29262.0
Catolé do Rocha,Doc. 36481/20,Vencedora,21011.25
Catolé do Rocha,Doc. 42109/20,Vencedora,56000.0
Catolé do Rocha,Doc. 42118/20,Vencedora,54000.0
Catolé do Rocha,Doc. 42137/20,Vencedora,28550.0
Catolé do Rocha,Doc. 42149/20,Vencedora,11700.0
Catolé do Rocha,Doc. 45937/20,Vencedora,59400.0
Catolé do Rocha,Doc. 49299/20,Vencedora,16990.0
Caturité,Doc. 29717/20,Vencedora,34531.0
Conceição,Doc. 23833/20,Vencedora,19825.0
Conceição,Doc. 26475/20,Vencedora,9400.0
Conceição,Doc. 30780/20,Vencedora,9600.0
Conceição,Doc. 32558/20,Vencedora,32050.0
Conceição,Doc. 35408/20,Vencedora,9000.0
Conceição,Doc. 36046/20,Vencedora,40350.625
Conceição,Doc. 39778/20,Vencedora,17265.0
Conceição,Doc. 41058/20,Vencedora,37990.0
Conceição,Doc. 43626/20,Vencedora,31800.0
Conceição,Doc. 45309/20,Vencedora,11337.0
Conceição,Doc. 46021/20,Vencedora,19032.5
Conceição,Doc. 47459/20,Vencedora,27600.0
Conceição,Doc. 51586/20,Vencedora,33000.0
Conceição,Proc. 13775/20,Vencedora,121900.0
Conceição,Proc. 14303/20,Vencedora,69466.0
Condado,Doc. 46297/20,Perdedora,126645.13333333335
Condado,Doc. 46297/20,Vencedora,13693.583333333334
Conde,Doc. 22801/20,Perdedora,36915.0
Conde,Doc. 22801/20,Vencedora,29400.0
Conde,Doc. 25319/20,Perdedora,360233.4
Conde,Doc. 25319/20,Vencedora,227797.2
Conde,Doc. 25346/20,Perdedora,1438442.2
Conde,Doc. 25346/20,Vencedora,881634.85
Conde,Doc. 26681/20,Perdedora,21773.050000000003
Conde,Doc. 26681/20,Vencedora,16701.0
Conde,Doc. 29402/20,Perdedora,8267.0
Conde,Doc. 29402/20,Vencedora,6650.0
Conde,Doc. 30157/20,Perdedora,97932.59000000001
Conde,Doc. 30157/20,Vencedora,3270.0
Conde,Doc. 34114/20,Vencedora,6868.87
Conde,Doc. 35326/20,Perdedora,57857.5
Conde,Doc. 35326/20,Vencedora,56250.0
Conde,Doc. 36290/20,Perdedora,6821.975
Conde,Doc. 36290/20,Vencedora,6100.7
Conde,Doc. 38435/20,Perdedora,85652.47
Conde,Doc. 38435/20,Vencedora,78057.42
Conde,Doc. 49506/20,Perdedora,70107.3
Conde,Doc. 49506/20,Vencedora,116613.105
Coremas,Doc. 26194/20,Vencedora,561036.0
Coremas,Doc. 26219/20,Vencedora,317664.0
Coremas,Doc. 28673/20,Vencedora,441594.0
Coremas,Doc. 28767/20,Vencedora,52291.2
Coremas,Doc. 48300/20,Vencedora,106560.0
Coremas,Doc. 49973/20,Vencedora,133500.0
Coremas,Doc. 50303/20,Vencedora,98797.8
Coremas,Proc. 07736/20,Vencedora,1037129.2
Cruz do Espírito Santo,Doc. 38260/20,Vencedora,123022.5
Cuité,Doc. 32629/20,Perdedora,9600.0
Cuité,Doc. 32629/20,Vencedora,8000.0
Cuité,Doc. 41997/20,Perdedora,48780.0
Cuité,Doc. 41997/20,Vencedora,47400.0
Cuité,Doc. 43549/20,Perdedora,186000.0
Cuité,Doc. 43549/20,Vencedora,182000.0
Cuité,Doc. 45767/20,Perdedora,85000.0
Cuité,Doc. 45767/20,Vencedora,25500.0
Cuité,Doc. 48857/20,Perdedora,39066.5
Cuité,Doc. 48857/20,Vencedora,31700.0
Cuité,Doc. 49446/20,Perdedora,17550.0
Cuité,Doc. 49446/20,Vencedora,17100.0
Cuité,Doc. 49453/20,Perdedora,5900.0
Cuité,Doc. 49453/20,Vencedora,2980.0
Cuité,Doc. 49461/20,Perdedora,15795.0
Cuité,Doc. 49461/20,Vencedora,125400.0
Cuité,Doc. 49514/20,Perdedora,241250.0
Cuité,Doc. 49514/20,Vencedora,220000.0
Cuité de Mamanguape,Doc. 51818/20,Perdedora,17350.0
Cuité de Mamanguape,Doc. 51818/20,Vencedora,15900.0
Curral Velho,Doc. 34591/20,Vencedora,21000.0
Curral Velho,Doc. 49323/20,Vencedora,40000.0
Curral Velho,Doc. 49652/20,Vencedora,10150.0
Curral Velho,Doc. 49662/20,Vencedora,25000.0
Curral de Cima,Doc. 30593/20,Vencedora,197860.0
Damião,Doc. 30693/20,Vencedora,12154.88
Damião,Doc. 37716/20,Vencedora,12154.88
Damião,Doc. 43571/20,Vencedora,3483.45
Damião,Doc. 43614/20,Vencedora,41650.0
Damião,Doc. 43630/20,Vencedora,15597.2
Damião,Doc. 43643/20,Vencedora,7550.0
Dona Inês,Doc. 24168/20,Vencedora,42600.0
Dona Inês,Doc. 42324/20,Vencedora,44175.0
Dona Inês,Doc. 45456/20,Vencedora,22500.0
Esperança,Doc. 33892/20,Vencedora,320460.0
Esperança,Doc. 42930/20,Vencedora,2000.0
Esperança,Doc. 45688/20,Vencedora,25806.0
Esperança,Doc. 46032/20,Vencedora,37450.0
Esperança,Doc. 49139/20,Vencedora,205675.0
Gado Bravo,Doc. 27012/20,Vencedora,65376.0
Guarabira,Doc. 25850/20,Vencedora,38000.0
Guarabira,Doc. 26254/20,Vencedora,10685.68
Guarabira,Doc. 27172/20,Vencedora,16660.0
Guarabira,Doc. 29145/20,Vencedora,13100.0
Guarabira,Doc. 29285/20,Vencedora,6000.0
Guarabira,Doc. 29520/20,Vencedora,16000.0
Guarabira,Doc. 31425/20,Vencedora,14000.0
Guarabira,Doc. 31687/20,Vencedora,22000.0
Guarabira,Doc. 31695/20,Vencedora,18000.0
Guarabira,Doc. 31714/20,Vencedora,12950.0
Guarabira,Doc. 31917/20,Vencedora,161000.0
Guarabira,Doc. 31925/20,Vencedora,14000.0
Guarabira,Doc. 32163/20,Vencedora,28200.0
Guarabira,Doc. 34759/20,Vencedora,27000.0
Guarabira,Doc. 35084/20,Vencedora,5760.0
Guarabira,Doc. 35525/20,Vencedora,30000.0
Guarabira,Doc. 35831/20,Vencedora,149000.0
Guarabira,Doc. 38837/20,Vencedora,77500.0
Guarabira,Doc. 41449/20,Vencedora,49964.19
Guarabira,Doc. 44629/20,Vencedora,43500.0
Guarabira,Doc. 49856/20,Vencedora,47000.0
Guarabira,Doc. 50851/20,Vencedora,2600.0
Gurinhém,Doc. 26664/20,Vencedora,20577.0
Gurinhém,Doc. 31030/20,Vencedora,35380.0
Gurinhém,Doc. 33610/20,Vencedora,17945.04
Gurinhém,Doc. 36809/20,Vencedora,49717.2
Gurinhém,Doc. 36817/20,Vencedora,35256.2
Gurinhém,Doc. 42751/20,Vencedora,9420.0
Gurjão,Doc. 32087/20,Vencedora,9567.0
Gurjão,Doc. 32092/20,Vencedora,17000.0
Gurjão,Doc. 43031/20,Vencedora,113427.0
Ibiara,Doc. 42683/20,Vencedora,27840.0
Ibiara,Doc. 42692/20,Vencedora,27840.0
Ibiara,Doc. 46848/20,Vencedora,66970.42
Ibiara,Doc. 51277/20,Vencedora,46230.0
Igaracy,Doc. 25870/20,Vencedora,30600.0
Igaracy,Doc. 43658/20,Vencedora,34000.0
Igaracy,Doc. 50346/20,Vencedora,32000.0
Igaracy,Doc. 50609/20,Vencedora,30000.0
Imaculada,Doc. 37863/20,Vencedora,76800.0
Ingá,Doc. 24472/20,Vencedora,27850.86666666667
Ingá,Doc. 26043/20,Perdedora,53790.0
Ingá,Doc. 26043/20,Vencedora,50400.0
Ingá,Doc. 36746/20,Vencedora,27209.166666666668
Ingá,Doc. 44165/20,Perdedora,87350.0
Ingá,Doc. 44165/20,Vencedora,79600.0
Ingá,Doc. 49211/20,Vencedora,37452.5
Ingá,Doc. 49234/20,Perdedora,98225.0
Ingá,Doc. 49234/20,Vencedora,82900.0
Ingá,Doc. 50442/20,Perdedora,338337.2
Ingá,Doc. 50442/20,Vencedora,280003.2
Itabaiana,Doc. 29495/20,Vencedora,12457.5
Itabaiana,Doc. 35984/20,Vencedora,20650.0
Itabaiana,Doc. 42623/20,Vencedora,251020.0
Itaporanga,Doc. 27825/20,Vencedora,30000.0
Itaporanga,Doc. 27833/20,Perdedora,18350.0
Itaporanga,Doc. 27833/20,Vencedora,16800.0
Itaporanga,Doc. 31073/20,Perdedora,7998.275
Itaporanga,Doc. 31073/20,Vencedora,6800.0
Itaporanga,Doc. 31085/20,Vencedora,9049.833333333334
Itaporanga,Doc. 31096/20,Perdedora,17080.0
Itaporanga,Doc. 31096/20,Vencedora,11200.0
Itaporanga,Doc. 31275/20,Perdedora,39000.0
Itaporanga,Doc. 31275/20,Vencedora,41250.0
Itaporanga,Doc. 32152/20,Vencedora,67144.53
Itaporanga,Doc. 32158/20,Perdedora,30000.0
Itaporanga,Doc. 32158/20,Vencedora,11500.0
Itaporanga,Doc. 35741/20,Perdedora,71818.95000000001
Itaporanga,Doc. 35741/20,Vencedora,67144.53
Itaporanga,Doc. 38195/20,Perdedora,19500.0
Itaporanga,Doc. 38195/20,Vencedora,18995.0
Itaporanga,Doc. 38736/20,Vencedora,5000.0
Itaporanga,Doc. 39340/20,Vencedora,64806.0
Itaporanga,Doc. 39345/20,Vencedora,23212.5
Itaporanga,Doc. 41244/20,Vencedora,4475.0
Itaporanga,Doc. 41602/20,Vencedora,3380.0
Itaporanga,Doc. 45052/20,Vencedora,75525.0
Itaporanga,Doc. 50733/20,Perdedora,387500.0
Itaporanga,Doc. 50733/20,Vencedora,320000.0
Itapororoca,Doc. 35724/20,Perdedora,25738.0
Itapororoca,Doc. 35724/20,Vencedora,33100.0
Itapororoca,Doc. 50739/20,Perdedora,66114.375
Itapororoca,Doc. 50739/20,Vencedora,45325.0
Itatuba,Doc. 31921/20,Perdedora,28937.5
Itatuba,Doc. 31921/20,Vencedora,27125.0
Itatuba,Doc. 34429/20,Perdedora,13650.0
Itatuba,Doc. 34429/20,Vencedora,12000.0
Itatuba,Doc. 36816/20,Perdedora,66736.8
Itatuba,Doc. 36816/20,Vencedora,55728.0
Itatuba,Doc. 48381/20,Perdedora,33600.0
Itatuba,Doc. 48381/20,Vencedora,31200.0
Jacaraú,Doc. 36170/20,Perdedora,702480.0
Jacaraú,Doc. 36170/20,Vencedora,624480.0
Jericó,Doc. 30378/20,Vencedora,114748.27999999998
Jericó,Doc. 30480/20,Vencedora,319410.5
João Pessoa,Doc. 25467/20,Vencedora,30112.6
João Pessoa,Doc. 25472/20,Vencedora,12592.0
João Pessoa,Doc. 25481/20,Vencedora,98000.0
João Pessoa,Doc. 25485/20,Vencedora,13450.0
João Pessoa,Doc. 25552/20,Vencedora,30212.6
João Pessoa,Doc. 25556/20,Vencedora,12592.0
João Pessoa,Doc. 25558/20,Vencedora,98000.0
João Pessoa,Doc. 25559/20,Vencedora,13450.0
João Pessoa,Doc. 26296/20,Vencedora,246521.3
João Pessoa,Doc. 26851/20,Perdedora,247550.0
João Pessoa,Doc. 26851/20,Vencedora,260000.0
João Pessoa,Doc. 27139/20,Vencedora,51800.0
João Pessoa,Doc. 27794/20,Vencedora,3374.5
João Pessoa,Doc. 28002/20,Vencedora,330000.0
João Pessoa,Doc. 28016/20,Vencedora,33266.0
João Pessoa,Doc. 28799/20,Vencedora,67500.0
João Pessoa,Doc. 28846/20,Vencedora,32858.81
João Pessoa,Doc. 29075/20,Vencedora,570000.0
João Pessoa,Doc. 29473/20,Perdedora,357120.0
João Pessoa,Doc. 29473/20,Vencedora,233895.0
João Pessoa,Doc. 29491/20,Vencedora,46500.0
João Pessoa,Doc. 29551/20,Vencedora,181275.0
João Pessoa,Doc. 29792/20,Vencedora,65229.5
João Pessoa,Doc. 30484/20,Vencedora,48000.0
João Pessoa,Doc. 30847/20,Vencedora,189000.0
João Pessoa,Doc. 30886/20,Vencedora,588000.0
João Pessoa,Doc. 32343/20,Vencedora,520000.0
João Pessoa,Doc. 32666/20,Vencedora,30295.333333333332
João Pessoa,Doc. 33039/20,Vencedora,24000.0
João Pessoa,Doc. 33041/20,Perdedora,33775.0
João Pessoa,Doc. 33041/20,Vencedora,17383.25
João Pessoa,Doc. 34222/20,Vencedora,25766.24
João Pessoa,Doc. 34711/20,Perdedora,148535.47333333333
João Pessoa,Doc. 34711/20,Vencedora,46053.01666666666
João Pessoa,Doc. 35816/20,Vencedora,53076.8
João Pessoa,Doc. 43944/20,Vencedora,207000.0
João Pessoa,Doc. 49869/20,Perdedora,57681.01
João Pessoa,Doc. 49869/20,Vencedora,49850.3
João Pessoa,Proc. 05865/20,Vencedora,983386.6666666666
João Pessoa,Proc. 06479/20,Perdedora,835566.5575
João Pessoa,Proc. 06479/20,Vencedora,864398.25
João Pessoa,Proc. 06732/20,Vencedora,962628.0
João Pessoa,Proc. 08672/20,Vencedora,280280.13333333336
João Pessoa,Proc. 10014/20,Vencedora,1051930.75
João Pessoa,Proc. 11100/20,Vencedora,765000.0
João Pessoa,Proc. 14143/20,Vencedora,170960.71
Juarez Távora,Doc. 48006/20,Perdedora,29500.0
Juarez Távora,Doc. 48006/20,Vencedora,24850.0
Juazeirinho,Doc. 32042/20,Perdedora,10625.0
Juazeirinho,Doc. 32042/20,Vencedora,10000.0
Juazeirinho,Doc. 32050/20,Perdedora,36000.0
Juazeirinho,Doc. 32050/20,Vencedora,30000.0
Juazeirinho,Doc. 32216/20,Perdedora,37970.333333333336
Juazeirinho,Doc. 32216/20,Vencedora,29826.0
Juazeirinho,Doc. 32759/20,Perdedora,61500.0
Juazeirinho,Doc. 32759/20,Vencedora,36000.0
Juazeirinho,Doc. 42070/20,Perdedora,15790.0
Juazeirinho,Doc. 42070/20,Vencedora,13550.0
Juazeirinho,Doc. 44805/20,Perdedora,7350.0
Juazeirinho,Doc. 44805/20,Vencedora,6000.0
Juripiranga,Doc. 26283/20,Perdedora,9450.0
Juripiranga,Doc. 26283/20,Vencedora,7800.0
Juripiranga,Doc. 29067/20,Perdedora,7125.0
Juripiranga,Doc. 29067/20,Vencedora,3620.0
Juripiranga,Doc. 31116/20,Perdedora,16173.3
Juripiranga,Doc. 31116/20,Vencedora,15498.6
Juripiranga,Doc. 32232/20,Perdedora,10670.0
Juripiranga,Doc. 32232/20,Vencedora,10500.0
Juripiranga,Doc. 32705/20,Perdedora,7240.0
Juripiranga,Doc. 32705/20,Vencedora,6400.0
Juripiranga,Doc. 34299/20,Perdedora,4375.0
Juripiranga,Doc. 34299/20,Vencedora,4000.0
Juripiranga,Doc. 36119/20,Perdedora,2687.5
Juripiranga,Doc. 36119/20,Vencedora,2495.0
Juripiranga,Doc. 38212/20,Vencedora,30000.0
Juripiranga,Doc. 41777/20,Perdedora,17320.0
Juripiranga,Doc. 41777/20,Vencedora,11650.0
Juripiranga,Doc. 44565/20,Perdedora,12571.220000000001
Juripiranga,Doc. 44565/20,Vencedora,11791.16
Juripiranga,Doc. 47571/20,Perdedora,23250.0
Juripiranga,Doc. 47571/20,Vencedora,12500.0
Juripiranga,Doc. 47792/20,Perdedora,25486.510000000002
Juripiranga,Doc. 47792/20,Vencedora,23962.23
Juripiranga,Doc. 51540/20,Perdedora,8897.2
Juripiranga,Doc. 51540/20,Vencedora,8555.0
Juripiranga,Doc. 51599/20,Perdedora,25950.0
Juripiranga,Doc. 51599/20,Vencedora,21000.0
Juripiranga,Doc. 51779/20,Perdedora,14025.0
Juripiranga,Doc. 51779/20,Vencedora,13500.0
Juripiranga,Doc. 51791/20,Perdedora,3140.0
Juripiranga,Doc. 51791/20,Vencedora,3000.0
Juripiranga,Doc. 51802/20,Perdedora,54020.0
Juripiranga,Doc. 51802/20,Vencedora,50000.0
Juru,Doc. 47547/20,Vencedora,10200.0
Lagoa Seca,Doc. 26490/20,Perdedora,13040.0
Lagoa Seca,Doc. 26490/20,Vencedora,12151.25
Lagoa Seca,Doc. 26495/20,Perdedora,26000.0
Lagoa Seca,Doc. 26495/20,Vencedora,21500.0
Lagoa Seca,Doc. 31134/20,Perdedora,20250.0
Lagoa Seca,Doc. 31134/20,Vencedora,17000.0
Lagoa Seca,Doc. 34414/20,Perdedora,14850.0
Lagoa Seca,Doc. 34414/20,Vencedora,12500.0
Lagoa Seca,Doc. 40107/20,Vencedora,10000.0
Lagoa Seca,Doc. 44643/20,Perdedora,232166.66666666666
Lagoa Seca,Doc. 44643/20,Vencedora,270000.0
Lagoa de Dentro,Doc. 37133/20,Perdedora,26908.0
Lagoa de Dentro,Doc. 37133/20,Vencedora,25577.0
Lagoa de Dentro,Doc. 40728/20,Vencedora,52240.0
Lagoa de Dentro,Doc. 44985/20,Perdedora,302763.0
Lagoa de Dentro,Doc. 44985/20,Vencedora,201876.5
Lagoa de Dentro,Doc. 45882/20,Perdedora,66507.5
Lagoa de Dentro,Doc. 45882/20,Vencedora,45335.0
Lagoa de Dentro,Proc. 12798/20,Perdedora,749700.0
Lagoa de Dentro,Proc. 12798/20,Vencedora,690000.0
Livramento,Doc. 35804/20,Vencedora,33320.0
Lucena,Doc. 26762/20,Vencedora,44000.0
Malta,Doc. 31216/20,Vencedora,3300.0
Malta,Doc. 31225/20,Vencedora,7700.0
Malta,Doc. 32366/20,Vencedora,64201.6
Malta,Doc. 32612/20,Vencedora,1760.0
Malta,Doc. 33128/20,Vencedora,9000.0
Malta,Doc. 33769/20,Vencedora,10240.0
Malta,Doc. 34544/20,Vencedora,2000.0
Malta,Doc. 48863/20,Vencedora,8120.0
Malta,Doc. 49008/20,Vencedora,33970.0
Malta,Doc. 50220/20,Vencedora,30000.0
Malta,Doc. 50591/20,Vencedora,9600.0
Mamanguape,Doc. 26012/20,Vencedora,50000.0
Mamanguape,Doc. 27257/20,Perdedora,76500.0
Mamanguape,Doc. 27257/20,Vencedora,25500.0
Mamanguape,Doc. 31080/20,Vencedora,40233.333333333336
Mamanguape,Doc. 31978/20,Perdedora,114370.0
Mamanguape,Doc. 31978/20,Vencedora,95370.0
Mamanguape,Doc. 32015/20,Perdedora,199636.8
Mamanguape,Doc. 32015/20,Vencedora,126086.4
Mamanguape,Doc. 32536/20,Perdedora,75390.0
Mamanguape,Doc. 32536/20,Vencedora,69720.0
Mamanguape,Doc. 32681/20,Perdedora,25500.0
Mamanguape,Doc. 32681/20,Vencedora,23000.0
Mamanguape,Doc. 32970/20,Perdedora,63250.0
Mamanguape,Doc. 32970/20,Vencedora,49750.0
Mamanguape,Doc. 38957/20,Vencedora,47900.0
Mamanguape,Doc. 50122/20,Perdedora,75450.0
Mamanguape,Doc. 50122/20,Vencedora,58500.0
Mamanguape,Doc. 50214/20,Perdedora,5700.0
Mamanguape,Doc. 50214/20,Vencedora,4800.0
Mamanguape,Doc. 50283/20,Perdedora,53100.0
Mamanguape,Doc. 50283/20,Vencedora,48000.0
Mamanguape,Doc. 50383/20,Perdedora,104333.33333333333
Mamanguape,Doc. 50383/20,Vencedora,98000.0
Mamanguape,Doc. 50799/20,Perdedora,329000.0
Mamanguape,Doc. 50799/20,Vencedora,306000.0
Mamanguape,Proc. 09877/20,Perdedora,1347362.5
Mamanguape,Proc. 09877/20,Vencedora,996875.0
Manaíra,Doc. 26586/20,Vencedora,37350.0
Manaíra,Doc. 44400/20,Perdedora,53227.59
Manaíra,Doc. 44400/20,Vencedora,45309.0
Marcação,Doc. 50293/20,Vencedora,24000.0
Mari,Doc. 28403/20,Perdedora,44418.7
Mari,Doc. 28403/20,Vencedora,34697.4
Mari,Doc. 32082/20,Perdedora,160908.54
Mari,Doc. 32082/20,Vencedora,159939.21
Mari,Doc. 34783/20,Perdedora,9630.0
Mari,Doc. 34783/20,Vencedora,8700.0
Mari,Doc. 45813/20,Perdedora,22960.0
Mari,Doc. 45813/20,Vencedora,20300.0
Mari,Doc. 51782/20,Perdedora,57300.0
Mari,Doc. 51782/20,Vencedora,49700.0
Marizópolis,Doc. 35472/20,Vencedora,9800.0
Marizópolis,Doc. 35474/20,Vencedora,3745.0
Marizópolis,Doc. 35477/20,Vencedora,3000.0
Marizópolis,Doc. 37570/20,Vencedora,15256.5
Marizópolis,Doc. 42049/20,Vencedora,80570.0
Marizópolis,Doc. 42057/20,Vencedora,40157.0
Marizópolis,Doc. 46822/20,Vencedora,15125.0
Massaranduba,Doc. 30386/20,Perdedora,30000.0
Massaranduba,Doc. 30386/20,Vencedora,24000.0
Massaranduba,Doc. 30970/20,Perdedora,259152.0
Massaranduba,Doc. 30970/20,Vencedora,258099.0
Massaranduba,Doc. 46034/20,Perdedora,19675.625
Massaranduba,Doc. 46034/20,Vencedora,18625.0
Massaranduba,Doc. 48304/20,Vencedora,11409.384615384615
Massaranduba,Proc. 12473/20,Perdedora,579157.99
Massaranduba,Proc. 12473/20,Vencedora,930760.3
Mataraca,Doc. 32155/20,Vencedora,10000.0
Mataraca,Doc. 33247/20,Vencedora,31280.0
Mataraca,Doc. 51070/20,Perdedora,39266.695
Mataraca,Doc. 51070/20,Vencedora,36291.45
Matinhas,Doc. 31242/20,Perdedora,10500.0
Matinhas,Doc. 31242/20,Vencedora,8000.0
Matinhas,Doc. 32596/20,Perdedora,1339.4166666666667
Matinhas,Doc. 32596/20,Vencedora,1250.0
Matinhas,Doc. 32604/20,Perdedora,30537.75
Matinhas,Doc. 32604/20,Vencedora,27376.2
Matinhas,Doc. 32643/20,Perdedora,4380.0
Matinhas,Doc. 32643/20,Vencedora,4200.0
Matinhas,Doc. 32652/20,Perdedora,13676.0
Matinhas,Doc. 32652/20,Vencedora,12410.0
Matinhas,Doc. 33099/20,Perdedora,8635.0
Matinhas,Doc. 33099/20,Vencedora,7020.0
Matinhas,Doc. 33746/20,Perdedora,54746.25
Matinhas,Doc. 33746/20,Vencedora,43799.0
Matinhas,Doc. 38077/20,Perdedora,18100.0
Matinhas,Doc. 38077/20,Vencedora,17150.0
Matinhas,Doc. 38086/20,Perdedora,34111.65
Matinhas,Doc. 38086/20,Vencedora,30100.6
Matinhas,Doc. 38146/20,Perdedora,12588.0
Matinhas,Doc. 38146/20,Vencedora,11900.0
Matinhas,Doc. 38154/20,Perdedora,15125.0
Matinhas,Doc. 38154/20,Vencedora,13600.0
Matinhas,Doc. 38184/20,Perdedora,4125.0
Matinhas,Doc. 38184/20,Vencedora,3300.0
Matinhas,Doc. 38200/20,Perdedora,7375.0
Matinhas,Doc. 38200/20,Vencedora,5700.0
Matinhas,Doc. 38649/20,Perdedora,11332.55
Matinhas,Doc. 38649/20,Vencedora,10247.1
Matinhas,Doc. 39265/20,Perdedora,33962.55
Matinhas,Doc. 39265/20,Vencedora,33000.0
Matinhas,Doc. 39301/20,Perdedora,10595.0
Matinhas,Doc. 39301/20,Vencedora,10300.0
Matinhas,Doc. 40125/20,Perdedora,15960.0
Matinhas,Doc. 40125/20,Vencedora,14400.0
Matinhas,Doc. 41150/20,Perdedora,21955.0
Matinhas,Doc. 41150/20,Vencedora,16013.0
Matinhas,Doc. 43309/20,Perdedora,44375.0
Matinhas,Doc. 43309/20,Vencedora,37500.0
Matinhas,Doc. 46217/20,Perdedora,28819.0
Matinhas,Doc. 46217/20,Vencedora,26782.0
Matinhas,Doc. 46222/20,Perdedora,21728.0
Matinhas,Doc. 46222/20,Vencedora,20062.0
Matinhas,Doc. 49966/20,Perdedora,7250.0
Matinhas,Doc. 49966/20,Vencedora,6250.0
Maturéia,Doc. 39311/20,Vencedora,22000.0
Mogeiro,Doc. 26182/20,Vencedora,231990.0
Mogeiro,Doc. 27786/20,Vencedora,9000.0
Mogeiro,Doc. 29421/20,Vencedora,20983.8
Mogeiro,Doc. 31705/20,Vencedora,84626.0
Mogeiro,Doc. 32217/20,Vencedora,72000.0
Mogeiro,Doc. 32684/20,Vencedora,40000.0
Mogeiro,Doc. 36793/20,Vencedora,57610.0
Mogeiro,Doc. 38687/20,Vencedora,7600.0
Mogeiro,Doc. 38727/20,Vencedora,12900.0
Mogeiro,Doc. 38734/20,Vencedora,9300.0
Mogeiro,Doc. 38755/20,Vencedora,24980.0
Mogeiro,Doc. 39110/20,Vencedora,13000.0
Mogeiro,Doc. 39114/20,Vencedora,14700.0
Mogeiro,Doc. 43686/20,Vencedora,80704.0
Mogeiro,Doc. 46014/20,Vencedora,13000.0
Mogeiro,Doc. 50712/20,Vencedora,45307.63
Mogeiro,Doc. 51381/20,Vencedora,145159.97
Mogeiro,Doc. 51401/20,Vencedora,259600.0
Mogeiro,Doc. 51407/20,Vencedora,5533.0
Mogeiro,Doc. 51709/20,Vencedora,50370.0
Montadas,Doc. 41641/20,Vencedora,80000.0
Monte Horebe,Doc. 42301/20,Vencedora,13109.0
Monte Horebe,Doc. 43056/20,Vencedora,28000.0
Monteiro,Doc. 27731/20,Vencedora,534768.0
Monteiro,Doc. 29801/20,Vencedora,27000.0
Monteiro,Doc. 32176/20,Vencedora,20280.0
Monteiro,Doc. 32203/20,Vencedora,23236.0
Monteiro,Doc. 32765/20,Vencedora,534768.0
Monteiro,Doc. 33585/20,Vencedora,14041.0
Monteiro,Doc. 33600/20,Vencedora,30000.0
Monteiro,Doc. 33883/20,Vencedora,8336.0
Monteiro,Doc. 34120/20,Vencedora,7470.0
Monteiro,Doc. 36352/20,Perdedora,97100.0
Monteiro,Doc. 36352/20,Vencedora,155000.0
Monteiro,Doc. 36638/20,Perdedora,203589.56666666665
Monteiro,Doc. 36638/20,Vencedora,102624.0
Monteiro,Doc. 38745/20,Vencedora,11500.0
Monteiro,Doc. 39945/20,Vencedora,2880.0
Monteiro,Doc. 39974/20,Perdedora,203589.56666666668
Monteiro,Doc. 39974/20,Vencedora,102624.0
Monteiro,Doc. 40031/20,Vencedora,48000.0
Monteiro,Doc. 40475/20,Vencedora,20000.0
Monteiro,Doc. 41257/20,Vencedora,4600.0
Monteiro,Doc. 43355/20,Vencedora,8400.0
Monteiro,Doc. 44947/20,Vencedora,248291.67
Monteiro,Doc. 46367/20,Vencedora,52943.350000000006
Monteiro,Doc. 46791/20,Vencedora,248291.67
Monteiro,Doc. 47793/20,Vencedora,22330.0
Monteiro,Doc. 49294/20,Vencedora,48944.0
Monteiro,Doc. 51065/20,Perdedora,28191.5
Monteiro,Doc. 51065/20,Vencedora,17967.0
Mãe d'Água,Doc. 40675/20,Vencedora,83650.8
Mãe d'Água,Doc. 40684/20,Vencedora,66859.6
Nova Floresta,Doc. 31911/20,Vencedora,48000.0
Nova Floresta,Doc. 32741/20,Vencedora,10900.0
Nova Floresta,Doc. 33525/20,Vencedora,8500.0
Nova Floresta,Doc. 35679/20,Vencedora,7229.0
Nova Floresta,Doc. 40003/20,Vencedora,2480.0
Nova Floresta,Doc. 41686/20,Vencedora,44500.0
Nova Floresta,Doc. 41964/20,Vencedora,7229.0
Nova Floresta,Doc. 45815/20,Vencedora,9460.0
Nova Floresta,Doc. 47847/20,Vencedora,10257.5
Nova Floresta,Doc. 49480/20,Vencedora,9000.0
Nova Olinda,Doc. 45182/20,Vencedora,120000.0
Nova Palmeira,Doc. 48252/20,Vencedora,9400.0
Nova Palmeira,Doc. 49864/20,Vencedora,16503.6
Olho d'Água,Doc. 28116/20,Vencedora,16500.0
Olho d'Água,Doc. 28299/20,Vencedora,19882.73
Olho d'Água,Doc. 28321/20,Vencedora,9879.38
Olho d'Água,Doc. 29936/20,Vencedora,147000.0
Olho d'Água,Doc. 32073/20,Vencedora,17980.0
Olho d'Água,Doc. 42449/20,Vencedora,24000.0
Parari,Doc. 34514/20,Vencedora,93156.0
Parari,Doc. 37586/20,Vencedora,17500.0
Parari,Doc. 37965/20,Vencedora,76480.0
Parari,Doc. 37985/20,Vencedora,9250.0
Parari,Doc. 47060/20,Vencedora,17500.0
Passagem,Doc. 29356/20,Vencedora,15000.0
Passagem,Doc. 29382/20,Vencedora,6760.0
Passagem,Doc. 34744/20,Vencedora,2450.0
Passagem,Doc. 34748/20,Vencedora,4056.0
Passagem,Doc. 34755/20,Vencedora,10400.0
Passagem,Doc. 35104/20,Vencedora,12000.0
Passagem,Doc. 36324/20,Vencedora,2256.7
Passagem,Doc. 36362/20,Vencedora,7158.0
Passagem,Doc. 36390/20,Vencedora,31360.0
Passagem,Doc. 36467/20,Vencedora,10100.0
Passagem,Doc. 36487/20,Vencedora,70000.0
Passagem,Doc. 38378/20,Vencedora,14400.0
Passagem,Doc. 39515/20,Vencedora,15000.0
Patos,Doc. 27120/20,Vencedora,52000.0
Patos,Doc. 27358/20,Vencedora,1923.7
Patos,Doc. 27367/20,Vencedora,49500.0
Patos,Doc. 27370/20,Vencedora,44507.55
Patos,Doc. 27376/20,Vencedora,9481.0
Patos,Doc. 27381/20,Vencedora,33676.8
Patos,Doc. 27873/20,Vencedora,28500.0
Patos,Doc. 27880/20,Vencedora,2345.0
Patos,Doc. 27887/20,Vencedora,4500.0
Patos,Doc. 27892/20,Vencedora,20000.0
Patos,Doc. 29898/20,Vencedora,38000.0
Patos,Doc. 30573/20,Vencedora,2000.0
Patos,Doc. 30577/20,Vencedora,19800.0
Patos,Doc. 30580/20,Vencedora,14000.0
Patos,Doc. 30584/20,Vencedora,10500.0
Patos,Doc. 30587/20,Vencedora,21000.0
Patos,Doc. 30589/20,Vencedora,12600.0
Patos,Doc. 30591/20,Vencedora,8429.5
Patos,Doc. 30594/20,Vencedora,5094.0
Patos,Doc. 30597/20,Vencedora,4500.0
Patos,Doc. 33842/20,Vencedora,2000.0
Patos,Doc. 33865/20,Vencedora,49022.4
Patos,Doc. 33895/20,Vencedora,11400.0
Patos,Doc. 33908/20,Vencedora,30084.8
Patos,Doc. 33928/20,Vencedora,24970.0
Patos,Doc. 35166/20,Vencedora,52000.0
Patos,Doc. 35197/20,Vencedora,21592.24
Patos,Doc. 35210/20,Vencedora,12248.0
Patos,Doc. 35231/20,Vencedora,13400.0
Patos,Doc. 35257/20,Vencedora,75000.0
Patos,Doc. 35282/20,Vencedora,1600.0
Patos,Doc. 35285/20,Vencedora,42252.0
Patos,Doc. 35487/20,Vencedora,7950.0
Patos,Doc. 36379/20,Vencedora,8750.0
Patos,Doc. 36407/20,Vencedora,10000.0
Patos,Doc. 37105/20,Perdedora,131515.08500000002
Patos,Doc. 37105/20,Vencedora,130783.19
Patos,Doc. 37120/20,Vencedora,2481.4
Patos,Doc. 37142/20,Vencedora,5000.0
Patos,Doc. 37172/20,Vencedora,60000.0
Patos,Doc. 37279/20,Vencedora,5750.0
Patos,Doc. 37302/20,Perdedora,123750.0
Patos,Doc. 37302/20,Vencedora,99000.0
Patos,Doc. 37315/20,Vencedora,11000.0
Patos,Doc. 37320/20,Vencedora,20125.0
Patos,Doc. 37600/20,Vencedora,9764.4
Patos,Doc. 38452/20,Perdedora,28334.315000000002
Patos,Doc. 38452/20,Vencedora,26384.26
Patos,Doc. 38467/20,Vencedora,10450.0
Patos,Doc. 38484/20,Vencedora,11800.0
Patos,Doc. 39480/20,Perdedora,29000.0
Patos,Doc. 39480/20,Vencedora,25000.0
Patos,Doc. 39486/20,Vencedora,10800.0
Patos,Doc. 40317/20,Vencedora,12287.6
Patos,Doc. 40323/20,Vencedora,28500.0
Patos,Doc. 40331/20,Vencedora,54329.55714285715
Patos,Doc. 40353/20,Vencedora,38500.0
Patos,Doc. 42600/20,Vencedora,19570.0
Patos,Doc. 42605/20,Perdedora,6124.5
Patos,Doc. 42605/20,Vencedora,4400.0
Patos,Doc. 42609/20,Perdedora,39867.0
Patos,Doc. 42609/20,Vencedora,24900.0
Patos,Doc. 42612/20,Vencedora,37800.0
Patos,Doc. 43591/20,Vencedora,5600.0
Patos,Doc. 43605/20,Vencedora,5199.7
Patos,Doc. 43627/20,Vencedora,38000.0
Patos,Doc. 43759/20,Vencedora,7720.4
Patos,Doc. 43767/20,Vencedora,24000.0
Patos,Doc. 43948/20,Vencedora,7500.0
Patos,Doc. 43985/20,Vencedora,1250.0
Patos,Doc. 44283/20,Vencedora,10400.0
Patos,Doc. 45774/20,Vencedora,41150.0
Patos,Doc. 45994/20,Vencedora,17500.0
Patos,Doc. 46015/20,Vencedora,65000.0
Patos,Doc. 46865/20,Vencedora,12275.0
Patos,Doc. 47486/20,Vencedora,24910.2
Patos,Doc. 48283/20,Vencedora,1716.0
Patos,Doc. 48403/20,Vencedora,42735.857142857145
Patos,Doc. 49889/20,Vencedora,37046.84
Paulista,Doc. 41299/20,Vencedora,4200.0
Paulista,Doc. 41306/20,Vencedora,8756.0
Paulista,Doc. 41309/20,Vencedora,4350.0
Paulista,Doc. 41317/20,Vencedora,3600.0
Paulista,Doc. 41320/20,Vencedora,1000.0
Paulista,Doc. 41323/20,Vencedora,2000.0
Paulista,Doc. 41326/20,Vencedora,2400.0
Pedra Branca,Doc. 21941/20,Perdedora,74263.275
Pedra Branca,Doc. 21941/20,Vencedora,70843.6
Pedra Branca,Doc. 34084/20,Perdedora,36600.0
Pedra Branca,Doc. 34084/20,Vencedora,33000.0
Pedra Branca,Doc. 36598/20,Perdedora,14400.0
Pedra Branca,Doc. 36598/20,Vencedora,12900.0
Pedra Branca,Doc. 40088/20,Perdedora,13457.5
Pedra Branca,Doc. 40088/20,Vencedora,11109.64
Pedra Branca,Doc. 42079/20,Perdedora,33255.0
Pedra Branca,Doc. 42079/20,Vencedora,29500.0
Pedra Branca,Doc. 44734/20,Perdedora,6900.0
Pedra Branca,Doc. 44734/20,Vencedora,5980.0
Pedra Branca,Doc. 45065/20,Perdedora,7087.5
Pedra Branca,Doc. 45065/20,Vencedora,12500.0
Pedra Branca,Doc. 45089/20,Vencedora,199020.0
Pedra Branca,Doc. 45519/20,Perdedora,14725.0
Pedra Branca,Doc. 45519/20,Vencedora,13900.0
Pedra Branca,Doc. 45534/20,Perdedora,11966.7
Pedra Branca,Doc. 45534/20,Vencedora,10908.0
Pedra Branca,Doc. 45796/20,Perdedora,11975.0
Pedra Branca,Doc. 45796/20,Vencedora,10980.0
Pedra Branca,Doc. 46275/20,Perdedora,58800.0
Pedra Branca,Doc. 46275/20,Vencedora,48000.0
Pedra Lavrada,Doc. 37387/20,Perdedora,37848.065
Pedra Lavrada,Doc. 37387/20,Vencedora,36737.45
Pedra Lavrada,Doc. 38982/20,Perdedora,181009.05
Pedra Lavrada,Doc. 38982/20,Vencedora,171355.4
Pedras de Fogo,Doc. 21804/20,Vencedora,64929.92
Pedras de Fogo,Doc. 23757/20,Vencedora,187140.0
Pedras de Fogo,Doc. 23904/20,Vencedora,76680.0
Pedras de Fogo,Doc. 31107/20,Vencedora,31000.0
Pedras de Fogo,Doc. 31928/20,Vencedora,18313.92
Pedras de Fogo,Doc. 33615/20,Vencedora,4000.0
Pedras de Fogo,Doc. 34237/20,Vencedora,29168.25
Pedras de Fogo,Doc. 35027/20,Vencedora,56000.0
Pedras de Fogo,Doc. 38232/20,Vencedora,45600.0
Pedras de Fogo,Doc. 38247/20,Vencedora,46720.0
Pedras de Fogo,Doc. 38795/20,Vencedora,32900.0
Pedras de Fogo,Doc. 38802/20,Vencedora,32900.0
Pedras de Fogo,Doc. 39541/20,Vencedora,28000.0
Pedras de Fogo,Doc. 39590/20,Vencedora,16500.0
Pedras de Fogo,Doc. 42161/20,Vencedora,13870.0
Pedras de Fogo,Doc. 46374/20,Vencedora,30000.0
Pedras de Fogo,Doc. 46687/20,Vencedora,18000.0
Pedro Régis,Doc. 47951/20,Perdedora,226400.0
Pedro Régis,Doc. 47951/20,Vencedora,168000.0
Pedro Régis,Doc. 50438/20,Perdedora,59796.0
Pedro Régis,Doc. 50438/20,Vencedora,58812.75
Pedro Régis,Doc. 50556/20,Vencedora,13200.0
Piancó,Doc. 31106/20,Vencedora,16500.0
Piancó,Doc. 31112/20,Vencedora,17800.0
Piancó,Doc. 31766/20,Vencedora,23000.0
Piancó,Doc. 31772/20,Vencedora,10500.0
Piancó,Doc. 32829/20,Vencedora,32452.0
Piancó,Doc. 32834/20,Vencedora,49000.0
Piancó,Doc. 33378/20,Vencedora,39000.0
Piancó,Doc. 33382/20,Vencedora,49500.0
Piancó,Doc. 33864/20,Vencedora,2550.0
Piancó,Doc. 34396/20,Vencedora,7500.0
Piancó,Doc. 35751/20,Vencedora,16600.0
Piancó,Doc. 36453/20,Vencedora,37779.8
Piancó,Doc. 38717/20,Vencedora,13355.28
Piancó,Doc. 39787/20,Vencedora,9100.0
Piancó,Doc. 43063/20,Vencedora,11475.0
Piancó,Doc. 43464/20,Vencedora,4400.0
Piancó,Doc. 44872/20,Vencedora,10200.0
Piancó,Doc. 45276/20,Vencedora,29686.5
Piancó,Doc. 45289/20,Vencedora,17200.0
Piancó,Doc. 47259/20,Vencedora,6300.0
Piancó,Proc. 11330/20,Perdedora,328997.0
Piancó,Proc. 11330/20,Vencedora,264212.5542857143
Piancó,Proc. 12996/20,Vencedora,1236000.0
Picuí,Doc. 30506/20,Vencedora,33116.666666666664
Picuí,Doc. 34335/20,Vencedora,30000.0
Picuí,Doc. 34756/20,Vencedora,21378.6
Picuí,Doc. 35711/20,Vencedora,149000.0
Picuí,Doc. 45077/20,Vencedora,7559.57
Pilar,Doc. 26478/20,Vencedora,21450.0
Pilar,Doc. 26540/20,Vencedora,26277.72
Pilar,Doc. 27813/20,Vencedora,62714.24
Pilar,Doc. 32143/20,Vencedora,5000.0
Pilar,Doc. 32451/20,Vencedora,7350.0
Pilar,Doc. 32695/20,Vencedora,25200.0
Pilar,Doc. 32827/20,Vencedora,5700.0
Pilar,Doc. 39566/20,Vencedora,10000.0
Pilar,Doc. 42084/20,Vencedora,2798.0
Pilar,Doc. 43160/20,Vencedora,94290.0
Pilar,Doc. 43706/20,Vencedora,4950.0
Pilar,Doc. 48926/20,Vencedora,37350.0
Pilar,Doc. 49771/20,Vencedora,110000.0
Pilar,Doc. 50892/20,Vencedora,9600.0
Pilar,Doc. 50904/20,Vencedora,15000.0
Pilões,Doc. 50642/20,Perdedora,32576.05
Pilões,Doc. 50642/20,Vencedora,30000.0
Pirpirituba,Doc. 43724/20,Perdedora,3480.0
Pirpirituba,Doc. 43724/20,Vencedora,3200.0
Pirpirituba,Doc. 43731/20,Perdedora,2283.3333333333335
Pirpirituba,Doc. 43731/20,Vencedora,1800.0
Pitimbu,Doc. 24180/20,Vencedora,40080.0
Pitimbu,Doc. 29104/20,Vencedora,42327.55
Pitimbu,Doc. 31981/20,Vencedora,78823.0
Pitimbu,Doc. 32962/20,Vencedora,24000.0
Pitimbu,Doc. 35516/20,Vencedora,8721.5
Pitimbu,Doc. 36162/20,Vencedora,40000.0
Pitimbu,Doc. 37207/20,Vencedora,3840.0
Pitimbu,Doc. 37232/20,Vencedora,2960.0
Pitimbu,Doc. 38235/20,Vencedora,6690.0
Pitimbu,Doc. 39261/20,Vencedora,44600.0
Pitimbu,Doc. 40078/20,Vencedora,3000.0
Pitimbu,Doc. 43018/20,Vencedora,20000.0
Pocinhos,Doc. 24527/20,Perdedora,107487.5
Pocinhos,Doc. 24527/20,Vencedora,100000.0
Pocinhos,Doc. 24702/20,Vencedora,335546.2166666666
Pocinhos,Doc. 24736/20,Perdedora,34582.5
Pocinhos,Doc. 24736/20,Vencedora,26100.0
Pocinhos,Doc. 25683/20,Vencedora,405360.5333333334
Pocinhos,Doc. 27474/20,Perdedora,321397.9
Pocinhos,Doc. 27474/20,Vencedora,297281.4
Pocinhos,Doc. 45371/20,Vencedora,22575.0
Pombal,Doc. 25720/20,Vencedora,55000.0
Pombal,Doc. 27842/20,Vencedora,52500.0
Pombal,Doc. 27846/20,Vencedora,66000.0
Pombal,Doc. 29823/20,Vencedora,97266.66666666667
Pombal,Doc. 30759/20,Perdedora,645600.0
Pombal,Doc. 30759/20,Vencedora,465970.0
Pombal,Doc. 33664/20,Vencedora,175000.0
Pombal,Doc. 34904/20,Vencedora,66600.0
Pombal,Doc. 35289/20,Vencedora,61826.275
Pombal,Doc. 35894/20,Vencedora,50000.0
Pombal,Doc. 38389/20,Vencedora,243000.0
Pombal,Doc. 38880/20,Vencedora,4893.0
Pombal,Doc. 40954/20,Vencedora,71476.33333333333
Pombal,Doc. 41608/20,Vencedora,5500.0
Princesa Isabel,Doc. 28004/20,Perdedora,140000.0
Princesa Isabel,Doc. 28004/20,Vencedora,83800.0
Princesa Isabel,Doc. 28978/20,Vencedora,335799.55
Princesa Isabel,Doc. 29126/20,Perdedora,381780.0
Princesa Isabel,Doc. 29126/20,Vencedora,329400.0
Princesa Isabel,Doc. 31221/20,Perdedora,185569.65
Princesa Isabel,Doc. 31221/20,Vencedora,183050.0
Princesa Isabel,Doc. 32470/20,Perdedora,98625.0
Princesa Isabel,Doc. 32470/20,Vencedora,92500.0
Princesa Isabel,Doc. 35778/20,Perdedora,144000.0
Princesa Isabel,Doc. 35778/20,Vencedora,135000.0
Princesa Isabel,Doc. 41498/20,Perdedora,381690.0
Princesa Isabel,Doc. 41498/20,Vencedora,358470.0
Princesa Isabel,Doc. 46225/20,Perdedora,227000.0
Princesa Isabel,Doc. 46225/20,Vencedora,187500.0
Puxinanã,Doc. 43331/20,Vencedora,79500.0
Puxinanã,Doc. 48784/20,Vencedora,79500.0
Queimadas,Doc. 28963/20,Vencedora,35000.0
Queimadas,Doc. 43028/20,Vencedora,8400.0
Queimadas,Doc. 50249/20,Vencedora,36487.0
Queimadas,Doc. 50265/20,Vencedora,7335.3
Quixaba,Doc. 51830/20,Vencedora,32974.0
Remígio,Doc. 29373/20,Vencedora,15917.25
Remígio,Doc. 36944/20,Vencedora,16500.0
Remígio,Doc. 36960/20,Vencedora,15000.0
Remígio,Doc. 37163/20,Vencedora,12990.0
Remígio,Doc. 38572/20,Vencedora,10445.0
Remígio,Doc. 42477/20,Vencedora,22985.0
Remígio,Doc. 42482/20,Vencedora,4038.0
Remígio,Doc. 43268/20,Vencedora,19200.0
Remígio,Doc. 46503/20,Vencedora,21793.0
Remígio,Doc. 47213/20,Vencedora,3800.0
Remígio,Doc. 48236/20,Vencedora,137500.0
Riacho de Santo Antônio,Doc. 29089/20,Vencedora,44898.0
Riacho de Santo Antônio,Doc. 30056/20,Vencedora,11400.0
Riacho dos Cavalos,Doc. 28191/20,Vencedora,202245.1
Riacho dos Cavalos,Doc. 31462/20,Vencedora,30249.9
Riacho dos Cavalos,Doc. 38049/20,Vencedora,14000.0
Riacho dos Cavalos,Doc. 48052/20,Vencedora,203658.43
Riacho dos Cavalos,Doc. 49376/20,Vencedora,17226.4
Riacho dos Cavalos,Doc. 49458/20,Vencedora,177242.5
Riachão do Bacamarte,Doc. 38573/20,Perdedora,66742.5
Riachão do Bacamarte,Doc. 38573/20,Vencedora,64350.0
Rio Tinto,Doc. 29483/20,Perdedora,8495.0
Rio Tinto,Doc. 29483/20,Vencedora,5200.0
Rio Tinto,Doc. 31122/20,Perdedora,51060.0
Rio Tinto,Doc. 31122/20,Vencedora,37250.0
Rio Tinto,Doc. 31143/20,Perdedora,34500.0
Rio Tinto,Doc. 31143/20,Vencedora,27000.0
Rio Tinto,Doc. 31381/20,Vencedora,5275.0
Rio Tinto,Doc. 33256/20,Perdedora,40640.0
Rio Tinto,Doc. 33256/20,Vencedora,38940.0
Rio Tinto,Doc. 33507/20,Perdedora,8541.0
Rio Tinto,Doc. 33507/20,Vencedora,4850.0
Rio Tinto,Doc. 36439/20,Perdedora,14237.5
Rio Tinto,Doc. 36439/20,Vencedora,26100.0
Rio Tinto,Doc. 36726/20,Perdedora,4550.0
Rio Tinto,Doc. 36726/20,Vencedora,2793.0
Rio Tinto,Doc. 39450/20,Perdedora,17150.0
Rio Tinto,Doc. 39450/20,Vencedora,4400.0
Rio Tinto,Doc. 40936/20,Perdedora,15800.0
Rio Tinto,Doc. 40936/20,Vencedora,9060.0
Rio Tinto,Doc. 49573/20,Vencedora,12500.0
Rio Tinto,Doc. 50902/20,Vencedora,12500.0
Salgado de São Félix,Doc. 23913/20,Perdedora,277420.0
Salgado de São Félix,Doc. 23913/20,Vencedora,185125.0
Salgado de São Félix,Doc. 31043/20,Perdedora,129215.33333333333
Salgado de São Félix,Doc. 31043/20,Vencedora,86710.0
Salgado de São Félix,Doc. 35410/20,Perdedora,27400.0
Salgado de São Félix,Doc. 35410/20,Vencedora,28782.35
Salgado de São Félix,Doc. 36206/20,Perdedora,17828.975000000002
Salgado de São Félix,Doc. 36206/20,Vencedora,3229.6666666666665
Salgado de São Félix,Doc. 42712/20,Vencedora,2760.0
Salgado de São Félix,Doc. 46805/20,Vencedora,3567.0
Salgado de São Félix,Doc. 46943/20,Vencedora,30000.0
Salgado de São Félix,Doc. 47877/20,Vencedora,45000.0
Salgado de São Félix,Doc. 49767/20,Vencedora,6584.8
Santa Cecília,Doc. 26691/20,Vencedora,86961.0
Santa Luzia,Doc. 24243/20,Perdedora,29000.0
Santa Luzia,Doc. 24243/20,Vencedora,22400.0
Santa Luzia,Doc. 26428/20,Vencedora,14121.0
Santa Luzia,Doc. 32493/20,Perdedora,13875.0
Santa Luzia,Doc. 32493/20,Vencedora,11500.0
Santa Luzia,Doc. 33157/20,Perdedora,48820.0
Santa Luzia,Doc. 33157/20,Vencedora,40500.0
Santa Luzia,Doc. 35051/20,Perdedora,16950.0
Santa Luzia,Doc. 35051/20,Vencedora,10490.0
Santa Luzia,Doc. 37449/20,Vencedora,11583.333333333334
Santa Luzia,Doc. 38667/20,Perdedora,11925.0
Santa Luzia,Doc. 38667/20,Vencedora,11000.0
Santa Luzia,Doc. 40771/20,Vencedora,24735.0
Santa Luzia,Doc. 41152/20,Perdedora,5375.0
Santa Luzia,Doc. 41152/20,Vencedora,4990.0
Santa Luzia,Proc. 12280/20,Vencedora,55944.4
Santa Luzia,Proc. 12957/20,Vencedora,34990.0
Santa Rita,Doc. 28808/20,Perdedora,56550.0
Santa Rita,Doc. 28808/20,Vencedora,22100.0
Santa Rita,Doc. 31650/20,Perdedora,98400.0
Santa Rita,Doc. 31650/20,Vencedora,89700.0
Santa Rita,Doc. 31686/20,Perdedora,120225.0
Santa Rita,Doc. 31686/20,Vencedora,144333.33333333334
Santa Rita,Doc. 31723/20,Perdedora,89075.16
Santa Rita,Doc. 31723/20,Vencedora,78555.48
Santa Rita,Doc. 32635/20,Perdedora,92637.5
Santa Rita,Doc. 32635/20,Vencedora,82500.0
Santa Rita,Doc. 34178/20,Perdedora,55420.0
Santa Rita,Doc. 34178/20,Vencedora,51720.0
Santa Rita,Doc. 34732/20,Perdedora,29560.55
Santa Rita,Doc. 34732/20,Vencedora,22392.0
Santa Rita,Doc. 34779/20,Perdedora,41082.255
Santa Rita,Doc. 34779/20,Vencedora,48216.27333333334
Santa Rita,Doc. 36097/20,Perdedora,33166.666666666664
Santa Rita,Doc. 36097/20,Vencedora,44000.0
Santa Rita,Doc. 36128/20,Perdedora,19400.0
Santa Rita,Doc. 36128/20,Vencedora,15120.0
Santa Rita,Doc. 36139/20,Perdedora,240750.0
Santa Rita,Doc. 36139/20,Vencedora,209200.0
Santa Rita,Doc. 37752/20,Perdedora,78750.0
Santa Rita,Doc. 37752/20,Vencedora,52500.0
Santa Rita,Doc. 38805/20,Perdedora,14075.0
Santa Rita,Doc. 38805/20,Vencedora,10050.0
Santa Rita,Doc. 39359/20,Perdedora,29914.166666666668
Santa Rita,Doc. 39359/20,Vencedora,26980.833333333332
Santa Rita,Doc. 42826/20,Perdedora,247143.66666666666
Santa Rita,Doc. 42826/20,Vencedora,412222.2
Santa Rita,Doc. 46250/20,Perdedora,19125.0
Santa Rita,Doc. 46250/20,Vencedora,9750.0
Santa Rita,Doc. 46291/20,Perdedora,46317.5
Santa Rita,Doc. 46291/20,Vencedora,54072.5
Santa Rita,Doc. 48981/20,Vencedora,7500.0
Santa Terezinha,Doc. 49116/20,Vencedora,45000.0
Santana de Mangueira,Doc. 44990/20,Vencedora,97200.0
Santana de Mangueira,Doc. 47079/20,Vencedora,47518.0
Santo André,Doc. 48455/20,Vencedora,44787.5
Sapé,Doc. 30248/20,Vencedora,44000.0
Sapé,Doc. 30436/20,Vencedora,105000.0
Sapé,Doc. 36611/20,Vencedora,17300.0
Sapé,Doc. 36844/20,Vencedora,78200.0
Sapé,Doc. 43083/20,Vencedora,47500.0
Sapé,Doc. 43209/20,Vencedora,93750.0
Sapé,Doc. 43236/20,Vencedora,24000.0
Sapé,Doc. 43250/20,Vencedora,57000.0
Sapé,Doc. 43262/20,Vencedora,30900.0
Sapé,Doc. 43290/20,Vencedora,17280.0
Sapé,Doc. 44245/20,Vencedora,11200.0
Sapé,Doc. 50360/20,Vencedora,83400.0
Serra Branca,Doc. 51271/20,Vencedora,95000.0
Serra Branca,Doc. 51289/20,Perdedora,20890.0
Serra Branca,Doc. 51289/20,Vencedora,19400.0
Serra Redonda,Doc. 30425/20,Perdedora,55888.1
Serra Redonda,Doc. 30425/20,Vencedora,53922.0
Serra Redonda,Doc. 43946/20,Vencedora,9756.0
Serra Redonda,Doc. 46944/20,Vencedora,28000.0
Serraria,Doc. 49217/20,Perdedora,53468.899999999994
Serraria,Doc. 49217/20,Vencedora,49120.0
Serraria,Doc. 49220/20,Perdedora,46763.5
Serraria,Doc. 49220/20,Vencedora,42524.0
Serraria,Doc. 49223/20,Perdedora,48557.5
Serraria,Doc. 49223/20,Vencedora,42644.0
Soledade,Doc. 27202/20,Vencedora,34416.9
Soledade,Doc. 29070/20,Vencedora,4465.933333333333
Soledade,Doc. 29438/20,Vencedora,24943.333333333332
Soledade,Doc. 31117/20,Vencedora,18000.0
Soledade,Doc. 33685/20,Vencedora,77236.72
Soledade,Doc. 37685/20,Vencedora,15025.0
Soledade,Doc. 39586/20,Perdedora,17052.0
Soledade,Doc. 39586/20,Vencedora,16800.0
Soledade,Doc. 47952/20,Vencedora,16000.0
Soledade,Doc. 47962/20,Vencedora,16500.0
Soledade,Doc. 48425/20,Vencedora,20000.0
Solânea,Doc. 23156/20,Perdedora,196660.0
Solânea,Doc. 23156/20,Vencedora,150720.0
Solânea,Doc. 34880/20,Perdedora,259563.33333333334
Solânea,Doc. 34880/20,Vencedora,206840.0
Solânea,Doc. 38771/20,Vencedora,41500.0
Solânea,Doc. 38806/20,Vencedora,24000.0
Solânea,Doc. 41800/20,Vencedora,22170.0
Sousa,Doc. 27972/20,Vencedora,13500.0
Sousa,Doc. 28469/20,Perdedora,194178.94736842104
Sousa,Doc. 28469/20,Vencedora,84887.5
Sousa,Doc. 32192/20,Vencedora,47850.5
Sousa,Doc. 32402/20,Vencedora,13590.0
Sousa,Doc. 34208/20,Vencedora,57860.0
Sousa,Doc. 36251/20,Perdedora,21000.0
Sousa,Doc. 36251/20,Vencedora,21000.0
Sousa,Doc. 36656/20,Vencedora,127900.0
Sousa,Doc. 42709/20,Perdedora,572265.7142857143
Sousa,Doc. 42709/20,Vencedora,517440.0
Sousa,Doc. 44295/20,Vencedora,198000.0
Sousa,Doc. 46103/20,Perdedora,110713.75
Sousa,Doc. 46103/20,Vencedora,105000.0
Sousa,Doc. 47265/20,Perdedora,265225.390625
Sousa,Doc. 47265/20,Vencedora,212500.0
Sousa,Doc. 51724/20,Perdedora,9606.5
Sousa,Doc. 51724/20,Vencedora,12525.0
Sumé,Doc. 29859/20,Vencedora,20800.0
Sumé,Doc. 29861/20,Vencedora,4950.0
Sumé,Doc. 29864/20,Vencedora,20768.0
Sumé,Doc. 29874/20,Vencedora,20400.0
Sumé,Doc. 37982/20,Vencedora,50000.0
Sumé,Doc. 42769/20,Vencedora,27150.0
Sumé,Doc. 50307/20,Vencedora,19494.0
Sumé,Doc. 50313/20,Vencedora,18461.75
São Bento,Doc. 28407/20,Vencedora,105640.98
São Bento,Doc. 28412/20,Vencedora,40108.42
São Bento,Doc. 31245/20,Vencedora,30000.0
São Bento,Doc. 31251/20,Vencedora,59000.61
São Bento,Doc. 31255/20,Vencedora,15009.96
São Bento,Doc. 31260/20,Vencedora,6000.0
São Bento,Doc. 31262/20,Vencedora,14940.0
São Bento,Doc. 31266/20,Vencedora,18000.0
São Bento,Doc. 38377/20,Vencedora,25000.0
São Bento,Doc. 38379/20,Vencedora,274277.28
São Bento,Doc. 39950/20,Vencedora,32000.0
São Bento,Doc. 39953/20,Vencedora,97369.42
São Bento,Doc. 39980/20,Vencedora,436687.31
São Bento,Doc. 39989/20,Vencedora,4500.0
São Bento,Doc. 40041/20,Vencedora,16500.0
São Bento,Doc. 40145/20,Vencedora,80520.0
São Bento,Doc. 43366/20,Vencedora,26124.7
São Bento,Doc. 45734/20,Vencedora,29050.0
São José da Lagoa Tapada,Doc. 37044/20,Perdedora,28079.785
São José da Lagoa Tapada,Doc. 37044/20,Vencedora,27217.56
São José da Lagoa Tapada,Doc. 50043/20,Perdedora,305000.0
São José da Lagoa Tapada,Doc. 50043/20,Vencedora,229850.0
São José de Espinharas,Doc. 23352/20,Vencedora,4000.0
São José de Espinharas,Doc. 25381/20,Vencedora,35328.0
São José de Espinharas,Doc. 31372/20,Vencedora,10500.0
São José de Espinharas,Doc. 33196/20,Vencedora,14250.0
São José de Espinharas,Doc. 45177/20,Vencedora,14400.0
São José de Espinharas,Doc. 51590/20,Vencedora,2700.0
São José de Piranhas,Doc. 24160/20,Vencedora,188000.0
São José de Piranhas,Doc. 26226/20,Vencedora,99038.15
São José de Piranhas,Doc. 31178/20,Vencedora,35000.0
São José de Princesa,Doc. 37617/20,Vencedora,25462.0
São José do Bonfim,Doc. 39892/20,Vencedora,8331.12
São José do Bonfim,Doc. 39899/20,Vencedora,8000.0
São José do Bonfim,Doc. 46255/20,Vencedora,17500.0
São José do Bonfim,Doc. 47842/20,Vencedora,26700.0
São José do Bonfim,Doc. 51009/20,Vencedora,13730.0
São José do Brejo do Cruz,Doc. 40671/20,Perdedora,1111.1
São José do Brejo do Cruz,Doc. 40671/20,Vencedora,980.0
São José do Brejo do Cruz,Doc. 49493/20,Perdedora,4123.975
São José do Brejo do Cruz,Doc. 49493/20,Vencedora,3877.5
São José do Sabugi,Doc. 26357/20,Vencedora,175350.0
São José do Sabugi,Doc. 36739/20,Vencedora,30000.0
São José do Sabugi,Doc. 36743/20,Vencedora,10000.0
São José do Sabugi,Doc. 47531/20,Vencedora,45000.0
São José dos Cordeiros,Doc. 26038/20,Vencedora,21308.63333333333
São José dos Cordeiros,Doc. 26996/20,Vencedora,25798.4
São José dos Cordeiros,Doc. 46773/20,Vencedora,12250.0
São José dos Ramos,Doc. 37343/20,Vencedora,47551.93
São José dos Ramos,Doc. 37350/20,Vencedora,152519.14
São José dos Ramos,Doc. 37366/20,Vencedora,20150.0
São João do Cariri,Doc. 30898/20,Vencedora,17500.0
São João do Cariri,Doc. 33278/20,Vencedora,16000.0
São João do Cariri,Doc. 33282/20,Vencedora,32586.0
São João do Cariri,Doc. 34122/20,Vencedora,20900.0
São João do Cariri,Doc. 36299/20,Vencedora,9600.0
São João do Cariri,Doc. 36718/20,Vencedora,17500.0
São João do Cariri,Doc. 38785/20,Vencedora,18744.0
São João do Cariri,Doc. 39500/20,Vencedora,13197.4
São João do Cariri,Doc. 39504/20,Vencedora,16370.0
São João do Cariri,Doc. 39506/20,Vencedora,12500.0
São João do Cariri,Doc. 44893/20,Vencedora,42322.5
São João do Cariri,Doc. 44901/20,Vencedora,9980.0
São João do Cariri,Doc. 44906/20,Vencedora,21020.0
São João do Cariri,Doc. 47279/20,Vencedora,17500.0
São João do Cariri,Doc. 51632/20,Vencedora,36750.0
São João do Cariri,Doc. 51641/20,Vencedora,10900.0
São João do Cariri,Doc. 51647/20,Vencedora,31960.0
São João do Tigre,Doc. 32054/20,Perdedora,133383.0
São João do Tigre,Doc. 32054/20,Vencedora,125502.1
São Miguel de Taipu,Doc. 22740/20,Vencedora,80296.0
São Miguel de Taipu,Doc. 29122/20,Vencedora,159680.0
São Sebastião de Lagoa de Roça,Doc. 34031/20,Perdedora,14900.0
São Sebastião de Lagoa de Roça,Doc. 34031/20,Vencedora,13500.0
São Sebastião de Lagoa de Roça,Doc. 38993/20,Perdedora,27837.0
São Sebastião de Lagoa de Roça,Doc. 38993/20,Vencedora,26400.0
São Sebastião do Umbuzeiro,Doc. 49805/20,Perdedora,82729.85
São Sebastião do Umbuzeiro,Doc. 49805/20,Vencedora,78001.9
São Vicente do Seridó,Doc. 51688/20,Vencedora,50000.0
Tacima,Doc. 33513/20,Vencedora,19250.0
Tacima,Doc. 35826/20,Vencedora,28000.0
Tacima,Doc. 36013/20,Vencedora,34000.0
Tacima,Doc. 36062/20,Vencedora,10017.0
Tacima,Doc. 36080/20,Vencedora,15470.0
Tacima,Doc. 37764/20,Vencedora,11200.0
Tacima,Doc. 39851/20,Vencedora,22500.0
Tacima,Doc. 45797/20,Vencedora,15765.0
Tacima,Doc. 45830/20,Vencedora,4760.0
Tacima,Doc. 46524/20,Vencedora,21560.0
Tacima,Doc. 46526/20,Vencedora,11550.0
Tacima,Doc. 51760/20,Vencedora,109500.0
Tavares,Doc. 30093/20,Vencedora,50000.0
Tavares,Doc. 30095/20,Vencedora,44000.0
Tavares,Doc. 31240/20,Vencedora,121600.0
Tavares,Doc. 32326/20,Vencedora,50000.0
Tavares,Doc. 39549/20,Vencedora,15000.0
Teixeira,Doc. 29921/20,Vencedora,108390.0
Teixeira,Doc. 32285/20,Vencedora,50206.4
Teixeira,Doc. 33580/20,Vencedora,18000.0
Teixeira,Doc. 38431/20,Vencedora,31000.0
Teixeira,Doc. 44296/20,Vencedora,600000.0
Teixeira,Doc. 48261/20,Vencedora,90032.5
Tenório,Doc. 36831/20,Vencedora,22400.0
Tenório,Doc. 45467/20,Vencedora,39918.3
Tenório,Doc. 46408/20,Vencedora,13920.35
Umbuzeiro,Doc. 48140/20,Perdedora,15050.0
Umbuzeiro,Doc. 48140/20,Vencedora,11640.0
Várzea,Doc. 28305/20,Vencedora,31100.0
Várzea,Doc. 40976/20,Vencedora,4182.2
Água Branca,Doc. 26590/20,Vencedora,178600.0
Água Branca,Doc. 29538/20,Vencedora,68650.0
